<?xml version="1.0" encoding="UTF-8"?>
<config xmlns="http://www.knime.org/2008/09/XMLConfig" xmlns:xsi="http://www.w3.org/2001/XMLSchema-instance" xsi:schemaLocation="http://www.knime.org/2008/09/XMLConfig http://www.knime.org/XMLConfig_2008_09.xsd" key="model.xml">
    <entry key="version" type="xint" value="1"/>
    <entry key="class_name" type="xstring" value="org.knime.base.data.normalize.NormalizerPortObject"/>
    <config key="model">
        <config key="columns">
            <config key="Entrance test">
                <entry key="column_name" type="xstring" value="Entrance test"/>
                <entry key="column_scale" type="xdouble" value="0.14285714285714285"/>
                <entry key="column_translate" type="xdouble" value="-2.142857142857143"/>
                <entry key="column_min" type="xdouble" value="0.0"/>
                <entry key="column_max" type="xdouble" value="1.0"/>
            </config>
            <config key="CCA point">
                <entry key="column_name" type="xstring" value="CCA point"/>
                <entry key="column_scale" type="xdouble" value="0.16666666666666666"/>
                <entry key="column_translate" type="xdouble" value="0.0"/>
                <entry key="column_min" type="xdouble" value="0.0"/>
                <entry key="column_max" type="xdouble" value="1.0"/>
            </config>
            <config key="Math subject score">
                <entry key="column_name" type="xstring" value="Math subject score"/>
                <entry key="column_scale" type="xdouble" value="0.01252191334835963"/>
                <entry key="column_translate" type="xdouble" value="-0.25219133483596295"/>
                <entry key="column_min" type="xdouble" value="0.0"/>
                <entry key="column_max" type="xdouble" value="1.0"/>
            </config>
            <config key="Langauge &amp; Comms. Subject score">
                <entry key="column_name" type="xstring" value="Langauge &amp; Comms. Subject score"/>
                <entry key="column_scale" type="xdouble" value="0.03133159268602282"/>
                <entry key="column_translate" type="xdouble" value="-1.6149347255754642"/>
                <entry key="column_min" type="xdouble" value="0.0"/>
                <entry key="column_max" type="xdouble" value="1.0"/>
            </config>
            <config key="IT subject score">
                <entry key="column_name" type="xstring" value="IT subject score"/>
                <entry key="column_scale" type="xdouble" value="0.022222222222222223"/>
                <entry key="column_translate" type="xdouble" value="-1.0"/>
                <entry key="column_min" type="xdouble" value="0.0"/>
                <entry key="column_max" type="xdouble" value="1.0"/>
            </config>
            <config key="Science subject score">
                <entry key="column_name" type="xstring" value="Science subject score"/>
                <entry key="column_scale" type="xdouble" value="0.02508466072996363"/>
                <entry key="column_translate" type="xdouble" value="-1.3726326351436098"/>
                <entry key="column_min" type="xdouble" value="0.0"/>
                <entry key="column_max" type="xdouble" value="1.0"/>
            </config>
            <config key="Disciplinary warning">
                <entry key="column_name" type="xstring" value="Disciplinary warning"/>
                <entry key="column_scale" type="xdouble" value="1.0"/>
                <entry key="column_translate" type="xdouble" value="0.0"/>
                <entry key="column_min" type="xdouble" value="0.0"/>
                <entry key="column_max" type="xdouble" value="1.0"/>
            </config>
            <config key="Final score">
                <entry key="column_name" type="xstring" value="Final score"/>
                <entry key="column_scale" type="xdouble" value="0.03611412062116288"/>
                <entry key="column_translate" type="xdouble" value="-2.1155651859877214"/>
                <entry key="column_min" type="xdouble" value="0.0"/>
                <entry key="column_max" type="xdouble" value="1.0"/>
            </config>
        </config>
        <entry key="summary" type="xstring" value="Min/Max (0.0, 1) normalization on 8 column(s)"/>
    </config>
</config>
