<?xml version="1.0" encoding="UTF-8"?>
<config xmlns="http://www.knime.org/2008/09/XMLConfig" xmlns:xsi="http://www.w3.org/2001/XMLSchema-instance" xsi:schemaLocation="http://www.knime.org/2008/09/XMLConfig http://www.knime.org/XMLConfig_2008_09.xsd" key="MiningSchema">
    <config key="learning">
        <entry key="array-size" type="xint" value="10"/>
        <entry key="0" type="xstring" value="Entrance test"/>
        <entry key="1" type="xstring" value="CCA point"/>
        <entry key="2" type="xstring" value="Math subject score"/>
        <entry key="3" type="xstring" value="Langauge &amp; Comms. Subject score"/>
        <entry key="4" type="xstring" value="IT subject score"/>
        <entry key="5" type="xstring" value="Science subject score"/>
        <entry key="6" type="xstring" value="Disciplinary warning"/>
        <entry key="7" type="xstring" value="Final score"/>
        <entry key="8" type="xstring" value="Min. subject score"/>
        <entry key="9" type="xstring" value="Overall first sem. score"/>
    </config>
    <config key="target">
        <entry key="array-size" type="xint" value="0"/>
    </config>
</config>
