<?xml version="1.0" encoding="UTF-8"?>
<config xmlns="http://www.knime.org/2008/09/XMLConfig" xmlns:xsi="http://www.w3.org/2001/XMLSchema-instance" xsi:schemaLocation="http://www.knime.org/2008/09/XMLConfig http://www.knime.org/XMLConfig_2008_09.xsd" key="Table Spec">
    <config key="table.spec">
        <entry key="spec_name" type="xstring" value="default"/>
        <entry key="number_columns" type="xint" value="23"/>
        <config key="column_spec_0">
            <entry key="column_name" type="xstring" value="Student ID"/>
            <config key="element_names">
                <entry key="array-size" type="xint" value="0"/>
            </config>
            <config key="column_type">
                <entry key="cell_class" type="xstring" value="org.knime.core.data.def.IntCell"/>
            </config>
            <config key="column_domain">
                <config key="lower_bound">
                    <entry key="datacell" type="xstring" value="org.knime.core.data.def.IntCell"/>
                    <config key="org.knime.core.data.def.IntCell">
                        <entry key="IntCell" type="xint" value="115629"/>
                    </config>
                </config>
                <config key="upper_bound">
                    <entry key="datacell" type="xstring" value="org.knime.core.data.def.IntCell"/>
                    <config key="org.knime.core.data.def.IntCell">
                        <entry key="IntCell" type="xint" value="1309942"/>
                    </config>
                </config>
            </config>
            <config key="column_properties"/>
            <config key="meta_data"/>
        </config>
        <config key="column_spec_1">
            <entry key="column_name" type="xstring" value="Gender"/>
            <config key="element_names">
                <entry key="array-size" type="xint" value="0"/>
            </config>
            <config key="column_type">
                <entry key="cell_class" type="xstring" value="org.knime.core.data.def.StringCell"/>
            </config>
            <config key="column_domain">
                <config key="possible_values">
                    <entry key="array-size" type="xint" value="2"/>
                    <config key="0">
                        <entry key="datacell" type="xstring" value="org.knime.core.data.def.StringCell"/>
                        <config key="org.knime.core.data.def.StringCell">
                            <entry key="StringCell" type="xstring" value="F"/>
                        </config>
                    </config>
                    <config key="1">
                        <entry key="datacell" type="xstring" value="org.knime.core.data.def.StringCell"/>
                        <config key="org.knime.core.data.def.StringCell">
                            <entry key="StringCell" type="xstring" value="M"/>
                        </config>
                    </config>
                </config>
            </config>
            <config key="column_properties"/>
            <config key="meta_data"/>
        </config>
        <config key="column_spec_2">
            <entry key="column_name" type="xstring" value="Entrance test"/>
            <config key="element_names">
                <entry key="array-size" type="xint" value="0"/>
            </config>
            <config key="column_type">
                <entry key="cell_class" type="xstring" value="org.knime.core.data.def.IntCell"/>
            </config>
            <config key="column_domain">
                <config key="lower_bound">
                    <entry key="datacell" type="xstring" value="org.knime.core.data.def.IntCell"/>
                    <config key="org.knime.core.data.def.IntCell">
                        <entry key="IntCell" type="xint" value="15"/>
                    </config>
                </config>
                <config key="upper_bound">
                    <entry key="datacell" type="xstring" value="org.knime.core.data.def.IntCell"/>
                    <config key="org.knime.core.data.def.IntCell">
                        <entry key="IntCell" type="xint" value="22"/>
                    </config>
                </config>
            </config>
            <config key="column_properties"/>
            <config key="meta_data"/>
        </config>
        <config key="column_spec_3">
            <entry key="column_name" type="xstring" value="Eng point"/>
            <config key="element_names">
                <entry key="array-size" type="xint" value="0"/>
            </config>
            <config key="column_type">
                <entry key="cell_class" type="xstring" value="org.knime.core.data.def.IntCell"/>
            </config>
            <config key="column_domain">
                <config key="lower_bound">
                    <entry key="datacell" type="xstring" value="org.knime.core.data.def.IntCell"/>
                    <config key="org.knime.core.data.def.IntCell">
                        <entry key="IntCell" type="xint" value="1"/>
                    </config>
                </config>
                <config key="upper_bound">
                    <entry key="datacell" type="xstring" value="org.knime.core.data.def.IntCell"/>
                    <config key="org.knime.core.data.def.IntCell">
                        <entry key="IntCell" type="xint" value="4"/>
                    </config>
                </config>
            </config>
            <config key="column_properties"/>
            <config key="meta_data"/>
        </config>
        <config key="column_spec_4">
            <entry key="column_name" type="xstring" value="Math point"/>
            <config key="element_names">
                <entry key="array-size" type="xint" value="0"/>
            </config>
            <config key="column_type">
                <entry key="cell_class" type="xstring" value="org.knime.core.data.def.IntCell"/>
            </config>
            <config key="column_domain">
                <config key="lower_bound">
                    <entry key="datacell" type="xstring" value="org.knime.core.data.def.IntCell"/>
                    <config key="org.knime.core.data.def.IntCell">
                        <entry key="IntCell" type="xint" value="1"/>
                    </config>
                </config>
                <config key="upper_bound">
                    <entry key="datacell" type="xstring" value="org.knime.core.data.def.IntCell"/>
                    <config key="org.knime.core.data.def.IntCell">
                        <entry key="IntCell" type="xint" value="3"/>
                    </config>
                </config>
            </config>
            <config key="column_properties"/>
            <config key="meta_data"/>
        </config>
        <config key="column_spec_5">
            <entry key="column_name" type="xstring" value="CCA point"/>
            <config key="element_names">
                <entry key="array-size" type="xint" value="0"/>
            </config>
            <config key="column_type">
                <entry key="cell_class" type="xstring" value="org.knime.core.data.def.IntCell"/>
            </config>
            <config key="column_domain">
                <config key="lower_bound">
                    <entry key="datacell" type="xstring" value="org.knime.core.data.def.IntCell"/>
                    <config key="org.knime.core.data.def.IntCell">
                        <entry key="IntCell" type="xint" value="0"/>
                    </config>
                </config>
                <config key="upper_bound">
                    <entry key="datacell" type="xstring" value="org.knime.core.data.def.IntCell"/>
                    <config key="org.knime.core.data.def.IntCell">
                        <entry key="IntCell" type="xint" value="6"/>
                    </config>
                </config>
            </config>
            <config key="column_properties"/>
            <config key="meta_data"/>
        </config>
        <config key="column_spec_6">
            <entry key="column_name" type="xstring" value="No. of absence"/>
            <config key="element_names">
                <entry key="array-size" type="xint" value="0"/>
            </config>
            <config key="column_type">
                <entry key="cell_class" type="xstring" value="org.knime.core.data.def.IntCell"/>
            </config>
            <config key="column_domain">
                <config key="lower_bound">
                    <entry key="datacell" type="xstring" value="org.knime.core.data.def.IntCell"/>
                    <config key="org.knime.core.data.def.IntCell">
                        <entry key="IntCell" type="xint" value="0"/>
                    </config>
                </config>
                <config key="upper_bound">
                    <entry key="datacell" type="xstring" value="org.knime.core.data.def.IntCell"/>
                    <config key="org.knime.core.data.def.IntCell">
                        <entry key="IntCell" type="xint" value="9"/>
                    </config>
                </config>
            </config>
            <config key="column_properties"/>
            <config key="meta_data"/>
        </config>
        <config key="column_spec_7">
            <entry key="column_name" type="xstring" value="Min. subject score"/>
            <config key="element_names">
                <entry key="array-size" type="xint" value="0"/>
            </config>
            <config key="column_type">
                <entry key="cell_class" type="xstring" value="org.knime.core.data.def.DoubleCell"/>
            </config>
            <config key="column_domain">
                <config key="lower_bound">
                    <entry key="datacell" type="xstring" value="org.knime.core.data.def.DoubleCell"/>
                    <config key="org.knime.core.data.def.DoubleCell">
                        <entry key="DoubleCell" type="xdouble" value="20.14"/>
                    </config>
                </config>
                <config key="upper_bound">
                    <entry key="datacell" type="xstring" value="org.knime.core.data.def.DoubleCell"/>
                    <config key="org.knime.core.data.def.DoubleCell">
                        <entry key="DoubleCell" type="xdouble" value="81.38"/>
                    </config>
                </config>
            </config>
            <config key="column_properties"/>
            <config key="meta_data"/>
        </config>
        <config key="column_spec_8">
            <entry key="column_name" type="xstring" value="Math subject score"/>
            <config key="element_names">
                <entry key="array-size" type="xint" value="0"/>
            </config>
            <config key="column_type">
                <entry key="cell_class" type="xstring" value="org.knime.core.data.def.DoubleCell"/>
            </config>
            <config key="column_domain">
                <config key="lower_bound">
                    <entry key="datacell" type="xstring" value="org.knime.core.data.def.DoubleCell"/>
                    <config key="org.knime.core.data.def.DoubleCell">
                        <entry key="DoubleCell" type="xdouble" value="20.14"/>
                    </config>
                </config>
                <config key="upper_bound">
                    <entry key="datacell" type="xstring" value="org.knime.core.data.def.DoubleCell"/>
                    <config key="org.knime.core.data.def.DoubleCell">
                        <entry key="DoubleCell" type="xdouble" value="100.0"/>
                    </config>
                </config>
            </config>
            <config key="column_properties"/>
            <config key="meta_data"/>
        </config>
        <config key="column_spec_9">
            <entry key="column_name" type="xstring" value="Math subject att."/>
            <config key="element_names">
                <entry key="array-size" type="xint" value="0"/>
            </config>
            <config key="column_type">
                <entry key="cell_class" type="xstring" value="org.knime.core.data.def.DoubleCell"/>
            </config>
            <config key="column_domain">
                <config key="lower_bound">
                    <entry key="datacell" type="xstring" value="org.knime.core.data.def.DoubleCell"/>
                    <config key="org.knime.core.data.def.DoubleCell">
                        <entry key="DoubleCell" type="xdouble" value="73.81"/>
                    </config>
                </config>
                <config key="upper_bound">
                    <entry key="datacell" type="xstring" value="org.knime.core.data.def.DoubleCell"/>
                    <config key="org.knime.core.data.def.DoubleCell">
                        <entry key="DoubleCell" type="xdouble" value="100.0"/>
                    </config>
                </config>
            </config>
            <config key="column_properties"/>
            <config key="meta_data"/>
        </config>
        <config key="column_spec_10">
            <entry key="column_name" type="xstring" value="Langauge &amp; Comms. Subject score"/>
            <config key="element_names">
                <entry key="array-size" type="xint" value="0"/>
            </config>
            <config key="column_type">
                <entry key="cell_class" type="xstring" value="org.knime.core.data.def.DoubleCell"/>
            </config>
            <config key="column_domain">
                <config key="lower_bound">
                    <entry key="datacell" type="xstring" value="org.knime.core.data.def.DoubleCell"/>
                    <config key="org.knime.core.data.def.DoubleCell">
                        <entry key="DoubleCell" type="xdouble" value="51.54333333"/>
                    </config>
                </config>
                <config key="upper_bound">
                    <entry key="datacell" type="xstring" value="org.knime.core.data.def.DoubleCell"/>
                    <config key="org.knime.core.data.def.DoubleCell">
                        <entry key="DoubleCell" type="xdouble" value="83.46"/>
                    </config>
                </config>
            </config>
            <config key="column_properties"/>
            <config key="meta_data"/>
        </config>
        <config key="column_spec_11">
            <entry key="column_name" type="xstring" value="Language &amp; Comms. Subject Att."/>
            <config key="element_names">
                <entry key="array-size" type="xint" value="0"/>
            </config>
            <config key="column_type">
                <entry key="cell_class" type="xstring" value="org.knime.core.data.def.DoubleCell"/>
            </config>
            <config key="column_domain">
                <config key="lower_bound">
                    <entry key="datacell" type="xstring" value="org.knime.core.data.def.DoubleCell"/>
                    <config key="org.knime.core.data.def.DoubleCell">
                        <entry key="DoubleCell" type="xdouble" value="73.81"/>
                    </config>
                </config>
                <config key="upper_bound">
                    <entry key="datacell" type="xstring" value="org.knime.core.data.def.DoubleCell"/>
                    <config key="org.knime.core.data.def.DoubleCell">
                        <entry key="DoubleCell" type="xdouble" value="100.0"/>
                    </config>
                </config>
            </config>
            <config key="column_properties"/>
            <config key="meta_data"/>
        </config>
        <config key="column_spec_12">
            <entry key="column_name" type="xstring" value="IT subject score"/>
            <config key="element_names">
                <entry key="array-size" type="xint" value="0"/>
            </config>
            <config key="column_type">
                <entry key="cell_class" type="xstring" value="org.knime.core.data.def.IntCell"/>
            </config>
            <config key="column_domain">
                <config key="lower_bound">
                    <entry key="datacell" type="xstring" value="org.knime.core.data.def.IntCell"/>
                    <config key="org.knime.core.data.def.IntCell">
                        <entry key="IntCell" type="xint" value="45"/>
                    </config>
                </config>
                <config key="upper_bound">
                    <entry key="datacell" type="xstring" value="org.knime.core.data.def.IntCell"/>
                    <config key="org.knime.core.data.def.IntCell">
                        <entry key="IntCell" type="xint" value="90"/>
                    </config>
                </config>
            </config>
            <config key="column_properties"/>
            <config key="meta_data"/>
        </config>
        <config key="column_spec_13">
            <entry key="column_name" type="xstring" value="IT subject att."/>
            <config key="element_names">
                <entry key="array-size" type="xint" value="0"/>
            </config>
            <config key="column_type">
                <entry key="cell_class" type="xstring" value="org.knime.core.data.def.DoubleCell"/>
            </config>
            <config key="column_domain">
                <config key="lower_bound">
                    <entry key="datacell" type="xstring" value="org.knime.core.data.def.DoubleCell"/>
                    <config key="org.knime.core.data.def.DoubleCell">
                        <entry key="DoubleCell" type="xdouble" value="60.71"/>
                    </config>
                </config>
                <config key="upper_bound">
                    <entry key="datacell" type="xstring" value="org.knime.core.data.def.DoubleCell"/>
                    <config key="org.knime.core.data.def.DoubleCell">
                        <entry key="DoubleCell" type="xdouble" value="100.0"/>
                    </config>
                </config>
            </config>
            <config key="column_properties"/>
            <config key="meta_data"/>
        </config>
        <config key="column_spec_14">
            <entry key="column_name" type="xstring" value="Science subject score"/>
            <config key="element_names">
                <entry key="array-size" type="xint" value="0"/>
            </config>
            <config key="column_type">
                <entry key="cell_class" type="xstring" value="org.knime.core.data.def.StringCell"/>
            </config>
            <config key="column_domain"/>
            <config key="column_properties"/>
            <config key="meta_data"/>
        </config>
        <config key="column_spec_15">
            <entry key="column_name" type="xstring" value="Science subject att."/>
            <config key="element_names">
                <entry key="array-size" type="xint" value="0"/>
            </config>
            <config key="column_type">
                <entry key="cell_class" type="xstring" value="org.knime.core.data.def.StringCell"/>
            </config>
            <config key="column_domain">
                <config key="possible_values">
                    <entry key="array-size" type="xint" value="10"/>
                    <config key="0">
                        <entry key="datacell" type="xstring" value="org.knime.core.data.def.StringCell"/>
                        <config key="org.knime.core.data.def.StringCell">
                            <entry key="StringCell" type="xstring" value="100"/>
                        </config>
                    </config>
                    <config key="1">
                        <entry key="datacell" type="xstring" value="org.knime.core.data.def.StringCell"/>
                        <config key="org.knime.core.data.def.StringCell">
                            <entry key="StringCell" type="xstring" value="NA"/>
                        </config>
                    </config>
                    <config key="2">
                        <entry key="datacell" type="xstring" value="org.knime.core.data.def.StringCell"/>
                        <config key="org.knime.core.data.def.StringCell">
                            <entry key="StringCell" type="xstring" value="97.37"/>
                        </config>
                    </config>
                    <config key="3">
                        <entry key="datacell" type="xstring" value="org.knime.core.data.def.StringCell"/>
                        <config key="org.knime.core.data.def.StringCell">
                            <entry key="StringCell" type="xstring" value="91.4"/>
                        </config>
                    </config>
                    <config key="4">
                        <entry key="datacell" type="xstring" value="org.knime.core.data.def.StringCell"/>
                        <config key="org.knime.core.data.def.StringCell">
                            <entry key="StringCell" type="xstring" value="90.705"/>
                        </config>
                    </config>
                    <config key="5">
                        <entry key="datacell" type="xstring" value="org.knime.core.data.def.StringCell"/>
                        <config key="org.knime.core.data.def.StringCell">
                            <entry key="StringCell" type="xstring" value="94.735"/>
                        </config>
                    </config>
                    <config key="6">
                        <entry key="datacell" type="xstring" value="org.knime.core.data.def.StringCell"/>
                        <config key="org.knime.core.data.def.StringCell">
                            <entry key="StringCell" type="xstring" value="93.335"/>
                        </config>
                    </config>
                    <config key="7">
                        <entry key="datacell" type="xstring" value="org.knime.core.data.def.StringCell"/>
                        <config key="org.knime.core.data.def.StringCell">
                            <entry key="StringCell" type="xstring" value="96.665"/>
                        </config>
                    </config>
                    <config key="8">
                        <entry key="datacell" type="xstring" value="org.knime.core.data.def.StringCell"/>
                        <config key="org.knime.core.data.def.StringCell">
                            <entry key="StringCell" type="xstring" value="92.105"/>
                        </config>
                    </config>
                    <config key="9">
                        <entry key="datacell" type="xstring" value="org.knime.core.data.def.StringCell"/>
                        <config key="org.knime.core.data.def.StringCell">
                            <entry key="StringCell" type="xstring" value="0"/>
                        </config>
                    </config>
                </config>
            </config>
            <config key="column_properties"/>
            <config key="meta_data"/>
        </config>
        <config key="column_spec_16">
            <entry key="column_name" type="xstring" value="Overall first sem. score"/>
            <config key="element_names">
                <entry key="array-size" type="xint" value="0"/>
            </config>
            <config key="column_type">
                <entry key="cell_class" type="xstring" value="org.knime.core.data.def.DoubleCell"/>
            </config>
            <config key="column_domain">
                <config key="lower_bound">
                    <entry key="datacell" type="xstring" value="org.knime.core.data.def.DoubleCell"/>
                    <config key="org.knime.core.data.def.DoubleCell">
                        <entry key="DoubleCell" type="xdouble" value="58.17"/>
                    </config>
                </config>
                <config key="upper_bound">
                    <entry key="datacell" type="xstring" value="org.knime.core.data.def.DoubleCell"/>
                    <config key="org.knime.core.data.def.DoubleCell">
                        <entry key="DoubleCell" type="xdouble" value="88.73"/>
                    </config>
                </config>
            </config>
            <config key="column_properties"/>
            <config key="meta_data"/>
        </config>
        <config key="column_spec_17">
            <entry key="column_name" type="xstring" value="Overall first sem. Att."/>
            <config key="element_names">
                <entry key="array-size" type="xint" value="0"/>
            </config>
            <config key="column_type">
                <entry key="cell_class" type="xstring" value="org.knime.core.data.def.DoubleCell"/>
            </config>
            <config key="column_domain">
                <config key="lower_bound">
                    <entry key="datacell" type="xstring" value="org.knime.core.data.def.DoubleCell"/>
                    <config key="org.knime.core.data.def.DoubleCell">
                        <entry key="DoubleCell" type="xdouble" value="76.51125"/>
                    </config>
                </config>
                <config key="upper_bound">
                    <entry key="datacell" type="xstring" value="org.knime.core.data.def.DoubleCell"/>
                    <config key="org.knime.core.data.def.DoubleCell">
                        <entry key="DoubleCell" type="xdouble" value="100.0"/>
                    </config>
                </config>
            </config>
            <config key="column_properties"/>
            <config key="meta_data"/>
        </config>
        <config key="column_spec_18">
            <entry key="column_name" type="xstring" value="Annual Household Income level"/>
            <config key="element_names">
                <entry key="array-size" type="xint" value="0"/>
            </config>
            <config key="column_type">
                <entry key="cell_class" type="xstring" value="org.knime.core.data.def.StringCell"/>
            </config>
            <config key="column_domain">
                <config key="possible_values">
                    <entry key="array-size" type="xint" value="3"/>
                    <config key="0">
                        <entry key="datacell" type="xstring" value="org.knime.core.data.def.StringCell"/>
                        <config key="org.knime.core.data.def.StringCell">
                            <entry key="StringCell" type="xstring" value="High"/>
                        </config>
                    </config>
                    <config key="1">
                        <entry key="datacell" type="xstring" value="org.knime.core.data.def.StringCell"/>
                        <config key="org.knime.core.data.def.StringCell">
                            <entry key="StringCell" type="xstring" value="Low"/>
                        </config>
                    </config>
                    <config key="2">
                        <entry key="datacell" type="xstring" value="org.knime.core.data.def.StringCell"/>
                        <config key="org.knime.core.data.def.StringCell">
                            <entry key="StringCell" type="xstring" value="Middle"/>
                        </config>
                    </config>
                </config>
            </config>
            <config key="column_properties"/>
            <config key="meta_data"/>
        </config>
        <config key="column_spec_19">
            <entry key="column_name" type="xstring" value="Disciplinary warning"/>
            <config key="element_names">
                <entry key="array-size" type="xint" value="0"/>
            </config>
            <config key="column_type">
                <entry key="cell_class" type="xstring" value="org.knime.core.data.def.StringCell"/>
            </config>
            <config key="column_domain">
                <config key="possible_values">
                    <entry key="array-size" type="xint" value="2"/>
                    <config key="0">
                        <entry key="datacell" type="xstring" value="org.knime.core.data.def.StringCell"/>
                        <config key="org.knime.core.data.def.StringCell">
                            <entry key="StringCell" type="xstring" value="N"/>
                        </config>
                    </config>
                    <config key="1">
                        <entry key="datacell" type="xstring" value="org.knime.core.data.def.StringCell"/>
                        <config key="org.knime.core.data.def.StringCell">
                            <entry key="StringCell" type="xstring" value="Y"/>
                        </config>
                    </config>
                </config>
            </config>
            <config key="column_properties"/>
            <config key="meta_data"/>
        </config>
        <config key="column_spec_20">
            <entry key="column_name" type="xstring" value="Internet?"/>
            <config key="element_names">
                <entry key="array-size" type="xint" value="0"/>
            </config>
            <config key="column_type">
                <entry key="cell_class" type="xstring" value="org.knime.core.data.def.StringCell"/>
            </config>
            <config key="column_domain">
                <config key="possible_values">
                    <entry key="array-size" type="xint" value="2"/>
                    <config key="0">
                        <entry key="datacell" type="xstring" value="org.knime.core.data.def.StringCell"/>
                        <config key="org.knime.core.data.def.StringCell">
                            <entry key="StringCell" type="xstring" value="yes"/>
                        </config>
                    </config>
                    <config key="1">
                        <entry key="datacell" type="xstring" value="org.knime.core.data.def.StringCell"/>
                        <config key="org.knime.core.data.def.StringCell">
                            <entry key="StringCell" type="xstring" value="no"/>
                        </config>
                    </config>
                </config>
            </config>
            <config key="column_properties"/>
            <config key="meta_data"/>
        </config>
        <config key="column_spec_21">
            <entry key="column_name" type="xstring" value="Part Time Job?"/>
            <config key="element_names">
                <entry key="array-size" type="xint" value="0"/>
            </config>
            <config key="column_type">
                <entry key="cell_class" type="xstring" value="org.knime.core.data.def.StringCell"/>
            </config>
            <config key="column_domain">
                <config key="possible_values">
                    <entry key="array-size" type="xint" value="2"/>
                    <config key="0">
                        <entry key="datacell" type="xstring" value="org.knime.core.data.def.StringCell"/>
                        <config key="org.knime.core.data.def.StringCell">
                            <entry key="StringCell" type="xstring" value="No"/>
                        </config>
                    </config>
                    <config key="1">
                        <entry key="datacell" type="xstring" value="org.knime.core.data.def.StringCell"/>
                        <config key="org.knime.core.data.def.StringCell">
                            <entry key="StringCell" type="xstring" value="Yes"/>
                        </config>
                    </config>
                </config>
            </config>
            <config key="column_properties"/>
            <config key="meta_data"/>
        </config>
        <config key="column_spec_22">
            <entry key="column_name" type="xstring" value="Final score"/>
            <config key="element_names">
                <entry key="array-size" type="xint" value="0"/>
            </config>
            <config key="column_type">
                <entry key="cell_class" type="xstring" value="org.knime.core.data.def.DoubleCell"/>
            </config>
            <config key="column_domain">
                <config key="lower_bound">
                    <entry key="datacell" type="xstring" value="org.knime.core.data.def.DoubleCell"/>
                    <config key="org.knime.core.data.def.DoubleCell">
                        <entry key="DoubleCell" type="xdouble" value="58.58"/>
                    </config>
                </config>
                <config key="upper_bound">
                    <entry key="datacell" type="xstring" value="org.knime.core.data.def.DoubleCell"/>
                    <config key="org.knime.core.data.def.DoubleCell">
                        <entry key="DoubleCell" type="xdouble" value="86.27"/>
                    </config>
                </config>
            </config>
            <config key="column_properties"/>
            <config key="meta_data"/>
        </config>
    </config>
</config>
