<?xml version="1.0" encoding="UTF-8"?>
<config xmlns="http://www.knime.org/2008/09/XMLConfig" xmlns:xsi="http://www.w3.org/2001/XMLSchema-instance" xsi:schemaLocation="http://www.knime.org/2008/09/XMLConfig http://www.knime.org/XMLConfig_2008_09.xsd" key="MiningSchema">
    <config key="learning">
        <entry key="array-size" type="xint" value="4"/>
        <entry key="0" type="xstring" value="Math subject score"/>
        <entry key="1" type="xstring" value="Langauge &amp; Comms. Subject score"/>
        <entry key="2" type="xstring" value="IT subject score"/>
        <entry key="3" type="xstring" value="Science subject score"/>
    </config>
    <config key="target">
        <entry key="array-size" type="xint" value="1"/>
        <entry key="0" type="xstring" value="Final score"/>
    </config>
</config>
